gene,control_0,control_1,control_2,treatment_0,treatment_1,treatment_2
gene_0001,288.1,173.5,176.6,176.1,203.7,248.3
gene_0002,68.7,94.8,81.7,62.5,55.3,57.8
gene_0003,237.8,257.5,317.5,331.9,259.1,314.6
gene_0004,1225.4,1258.2,935.8,506.7,535.4,342.9
gene_0005,65.0,93.8,67.2,36.5,64.0,76.2
gene_0006,70.5,77.9,80.3,24.3,23.7,26.3
gene_0007,1097.0,1077.1,1083.7,1038.8,1301.8,1275.3
gene_0008,252.8,297.7,320.6,359.4,428.1,386.8
gene_0009,50.7,46.5,34.7,32.6,51.2,48.9
gene_0010,240.5,230.2,232.9,288.5,268.7,291.3
gene_0011,51.2,47.7,51.4,13.6,14.7,16.0
gene_0012,51.0,48.9,39.4,64.7,66.4,73.6
gene_0013,153.3,143.8,121.9,178.7,151.5,150.3
gene_0014,9.6,9.5,11.0,7.8,11.5,11.2
gene_0015,9.5,8.7,7.0,2.8,3.8,3.6
gene_0016,46.2,31.1,40.5,8.7,7.1,5.8
gene_0017,21.5,19.4,23.0,17.4,18.7,14.1
gene_0018,149.4,186.4,127.7,602.7,730.7,740.0
gene_0019,23.7,24.5,27.7,24.4,18.1,22.8
gene_0020,14.7,11.8,10.1,11.1,13.1,15.5
gene_0021,895.6,926.7,766.5,1025.0,739.8,825.7
gene_0022,78.0,49.5,73.1,48.7,57.9,54.7
gene_0023,145.6,104.1,141.2,669.5,541.3,645.8
gene_0024,11.3,12.2,10.5,13.8,12.5,11.0
gene_0025,55.7,44.7,51.5,44.6,47.0,43.8
gene_0026,119.8,121.1,106.2,103.3,106.3,113.7
gene_0027,17.7,20.9,20.1,2.4,3.0,3.2
gene_0028,121.8,200.3,157.4,203.5,215.4,157.8
gene_0029,29.3,45.7,41.4,26.1,48.0,38.0
gene_0030,71.1,77.8,58.9,20.5,16.1,18.3
gene_0031,42.9,30.4,36.7,34.4,40.8,43.4
gene_0032,1788.5,1850.5,1940.6,698.6,821.6,651.8
gene_0033,95.4,106.9,94.8,49.4,45.2,43.0
gene_0034,20.9,19.2,22.6,16.8,24.9,19.7
gene_0035,359.1,296.6,380.7,349.5,411.5,417.6
gene_0036,14.5,13.3,19.7,16.9,17.9,18.6
gene_0037,111.1,146.3,138.8,631.3,577.6,762.3
gene_0038,11.7,10.3,7.8,3.5,3.9,5.1
gene_0039,13.1,12.7,10.2,14.5,13.1,13.7
gene_0040,136.8,126.3,168.6,172.6,135.0,128.2
gene_0041,365.5,378.1,203.1,40.0,37.9,43.2
gene_0042,167.0,119.9,89.3,128.0,142.3,112.4
gene_0043,75.2,78.6,94.8,69.2,77.9,74.6
gene_0044,62.9,70.4,59.1,15.5,18.5,14.1
gene_0045,9.4,8.8,12.3,83.8,68.4,96.1
gene_0046,31.1,29.5,33.0,120.5,92.8,107.1
gene_0047,55.6,53.4,59.7,157.5,148.6,148.1
gene_0048,477.7,418.9,499.1,434.1,494.7,447.9
gene_0049,157.0,177.8,141.6,168.9,178.1,173.2
gene_0050,10.6,9.0,11.7,11.9,7.1,7.7
gene_0051,163.7,156.3,208.9,163.5,191.3,109.6
gene_0052,63.0,50.1,50.0,56.4,46.0,62.4
gene_0053,37.3,37.7,41.0,31.4,24.2,27.4
gene_0054,261.3,264.5,265.0,1194.5,897.9,743.7
gene_0055,420.4,522.8,471.1,353.0,318.3,392.2
gene_0056,443.4,422.8,388.9,382.2,381.8,384.6
gene_0057,23.4,29.2,26.5,122.1,107.7,118.9
gene_0058,60.0,60.4,77.0,91.9,77.0,97.8
gene_0059,151.2,169.9,209.6,182.1,225.8,246.1
gene_0060,481.6,351.6,332.5,456.0,349.6,347.1
gene_0061,60.1,49.2,49.3,11.3,9.4,12.7
gene_0062,80.3,77.6,74.4,75.4,89.7,77.2
gene_0063,18.8,20.5,19.6,24.7,14.6,20.7
gene_0064,14.9,14.3,15.5,5.6,5.7,4.3
gene_0065,310.9,352.6,293.8,202.4,160.8,218.9
gene_0066,632.9,651.9,733.6,569.9,516.7,427.5
gene_0067,93.8,99.9,84.4,80.5,83.9,103.7
gene_0068,344.6,422.5,334.2,394.3,365.9,385.4
gene_0069,176.0,197.6,185.9,178.5,133.3,187.1
gene_0070,33.9,34.2,39.5,44.7,35.9,41.7
gene_0071,210.3,134.1,210.3,26.7,18.0,22.0
gene_0072,859.3,910.5,988.7,2495.5,4315.5,3533.5
gene_0073,114.5,90.9,108.2,113.6,113.2,89.1
gene_0074,954.6,1010.1,1145.1,463.2,492.7,522.2
gene_0075,8.6,8.5,9.8,50.8,54.3,56.2
gene_0076,286.5,301.3,293.1,477.1,386.6,394.7
gene_0077,114.9,101.7,140.7,119.9,113.6,94.2
gene_0078,52.7,60.9,57.2,7.4,8.3,8.5
gene_0079,117.2,106.1,97.4,90.3,125.0,85.9
gene_0080,10.5,10.8,9.8,12.0,10.2,12.1
gene_0081,64.9,65.1,77.6,12.6,16.4,13.7
gene_0082,144.1,126.3,168.9,144.3,153.1,172.8
gene_0083,1066.4,838.1,739.7,784.4,856.2,909.7
gene_0084,48.1,40.4,47.9,53.9,52.2,42.5
gene_0085,31.8,39.0,30.8,18.6,39.6,29.9
gene_0086,63.1,47.9,35.2,27.7,49.3,46.7
gene_0087,526.6,395.4,391.4,430.5,411.6,429.9
gene_0088,169.1,143.0,122.7,1258.5,1069.4,631.8
gene_0089,48.9,37.7,49.7,43.2,41.1,54.2
gene_0090,211.5,206.7,238.1,235.6,278.9,192.3
gene_0091,93.9,129.0,95.5,62.9,60.9,51.7
gene_0092,451.1,348.4,363.4,437.1,458.6,432.6
gene_0093,37.2,36.9,42.9,38.5,46.0,44.4
gene_0094,82.2,60.0,57.3,34.4,30.6,34.5
gene_0095,61.5,38.0,58.7,62.6,61.0,58.6
gene_0096,8.5,12.6,11.8,12.3,8.1,11.4
gene_0097,150.4,159.3,150.7,182.6,164.8,142.2
gene_0098,149.8,143.2,146.1,15.3,32.4,28.0
gene_0099,80.4,114.7,110.4,104.0,90.4,112.2
gene_0100,71.6,80.1,65.7,96.4,75.1,65.3
gene_0101,9.9,11.9,11.8,12.9,12.1,14.1
gene_0102,51.1,37.3,52.2,33.2,49.4,55.0
gene_0103,51.0,72.5,67.4,80.2,69.9,57.8
gene_0104,33.5,27.2,30.5,29.7,35.6,33.8
gene_0105,77.6,55.5,71.0,68.8,64.9,48.2
gene_0106,133.6,188.7,154.3,138.6,178.2,191.1
gene_0107,1502.6,1682.0,1674.5,1535.4,1583.8,1752.8
gene_0108,116.8,100.2,162.9,186.3,133.6,163.4
gene_0109,169.5,163.7,157.4,702.4,907.5,744.7
gene_0110,82.5,101.1,90.7,105.3,103.1,107.5
gene_0111,8.5,7.8,12.2,10.8,11.6,7.7
gene_0112,111.5,88.6,84.5,95.9,82.6,96.8
gene_0113,107.2,126.9,134.3,190.4,102.9,133.9
gene_0114,2650.9,3303.6,3632.0,4097.1,3558.4,3574.5
gene_0115,77.0,55.7,65.5,335.5,351.9,367.1
gene_0116,192.6,178.6,139.1,144.5,143.0,138.8
gene_0117,98.8,68.4,107.5,122.6,93.8,93.5
gene_0118,17.7,20.0,16.5,25.0,23.5,29.6
gene_0119,527.9,390.7,435.9,601.0,692.5,541.2
gene_0120,298.2,340.6,264.2,318.7,289.4,412.8
gene_0121,403.3,250.0,320.6,282.4,247.1,216.1
gene_0122,19.6,30.0,26.9,24.7,37.4,24.1
gene_0123,792.9,787.5,1019.1,350.5,350.3,290.2
gene_0124,11.0,10.7,10.8,13.7,8.7,10.6
gene_0125,237.1,245.5,232.7,39.1,36.9,39.2
gene_0126,2846.8,2844.0,2396.5,2958.2,2662.4,3081.9
gene_0127,27.5,17.7,19.7,24.8,16.6,26.8
gene_0128,40.6,46.5,42.0,27.5,40.3,49.2
gene_0129,107.2,110.5,70.0,161.5,152.6,99.4
gene_0130,32.4,33.3,51.5,49.9,38.6,48.2
gene_0131,10.2,9.4,11.5,28.7,41.0,31.2
gene_0132,140.4,94.1,105.0,50.2,50.2,53.4
gene_0133,16.4,20.2,20.7,21.9,25.2,18.9
gene_0134,193.5,180.5,193.6,252.2,252.8,246.7
gene_0135,23.4,28.6,25.6,114.9,112.8,144.3
gene_0136,1232.1,1136.8,996.4,2815.3,3021.4,2579.7
gene_0137,35.2,26.6,32.7,6.0,8.3,11.9
gene_0138,71.3,75.9,55.5,84.9,99.7,91.5
gene_0139,364.7,421.7,285.9,57.5,43.6,49.4
gene_0140,18.3,13.6,17.5,45.2,35.2,39.0
gene_0141,156.3,114.9,127.7,98.7,106.8,128.7
gene_0142,647.0,706.7,599.3,5774.6,4478.5,5991.5
gene_0143,10.1,7.9,9.7,8.3,10.8,9.5
gene_0144,135.1,124.6,120.9,107.4,141.5,122.5
gene_0145,140.7,143.3,132.6,170.9,184.8,151.4
gene_0146,280.0,389.9,305.5,454.6,395.7,558.9
gene_0147,13.2,15.6,11.6,18.7,19.6,17.9
gene_0148,10.6,15.5,12.1,5.3,6.1,6.1
gene_0149,202.2,260.6,284.8,150.7,170.1,193.7
gene_0150,147.0,165.5,177.6,30.2,29.6,33.9
gene_0151,110.9,177.9,136.6,159.3,120.5,123.1
gene_0152,184.8,119.5,193.1,212.2,183.2,182.3
gene_0153,31.5,39.7,37.9,127.3,139.0,144.2
gene_0154,133.3,112.7,156.5,162.9,169.4,154.4
gene_0155,166.3,159.8,183.4,155.3,140.4,128.8
gene_0156,38.7,32.8,33.4,29.6,28.5,29.7
gene_0157,2116.8,1384.1,1441.6,12836.4,10031.7,9910.8
gene_0158,235.1,160.2,228.6,211.0,224.1,223.5
gene_0159,15.2,19.4,15.4,21.1,23.5,23.9
gene_0160,257.0,286.3,253.3,374.0,303.7,275.3
gene_0161,24.3,24.6,24.7,27.6,26.9,27.9
gene_0162,270.0,360.7,286.5,633.8,752.0,738.9
gene_0163,589.8,520.1,535.1,832.2,825.3,820.6
gene_0164,29.3,29.9,30.2,22.6,30.6,30.0
gene_0165,474.8,397.1,458.5,493.1,351.1,539.3
gene_0166,137.3,205.4,226.2,179.7,178.7,201.1
gene_0167,438.5,328.7,303.0,314.4,257.6,381.0
gene_0168,1587.8,1666.7,1955.2,224.9,265.6,201.3
gene_0169,79.2,72.8,68.3,250.6,198.3,249.7
gene_0170,31.6,26.2,29.0,109.5,101.5,71.3
gene_0171,30.6,25.8,17.4,107.3,96.4,77.1
gene_0172,25.7,31.2,30.3,31.6,25.6,34.1
gene_0173,82.8,98.2,78.4,105.7,83.5,108.4
gene_0174,187.5,152.8,187.6,79.1,73.5,76.2
gene_0175,168.7,128.9,127.3,126.0,145.7,138.2
gene_0176,295.2,386.0,360.5,1192.4,1117.9,1096.9
gene_0177,89.1,116.3,91.2,27.3,33.0,25.1
gene_0178,1012.4,960.4,926.2,1092.8,1011.9,1031.9
gene_0179,61.7,67.7,61.3,286.4,185.4,266.9
gene_0180,5252.4,5184.5,5768.4,4794.9,5201.9,3720.0
gene_0181,239.7,288.4,204.3,267.5,234.7,256.9
gene_0182,25.1,22.5,29.2,12.1,13.4,13.7
gene_0183,23.7,20.5,23.9,14.8,19.6,18.5
gene_0184,213.4,220.0,176.5,177.1,271.2,210.4
gene_0185,69.6,59.7,55.6,101.7,97.7,103.1
gene_0186,295.6,400.8,277.0,281.1,283.2,252.9
gene_0187,196.2,161.8,217.9,592.1,648.3,440.5
gene_0188,86.4,77.0,81.1,108.0,88.2,86.1
gene_0189,31.4,30.0,29.6,7.7,10.2,8.6
gene_0190,14.0,10.6,6.7,6.2,10.5,11.5
gene_0191,45.2,67.3,63.9,56.9,59.6,62.6
gene_0192,463.8,398.3,371.5,447.4,439.2,462.8
gene_0193,105.4,144.4,147.4,136.9,154.7,178.4
gene_0194,15.8,17.0,19.2,3.1,2.6,3.3
gene_0195,86.8,85.0,136.1,30.3,37.6,44.1
gene_0196,159.0,174.3,208.0,153.7,129.7,178.5
gene_0197,20.9,27.4,20.4,174.4,160.0,195.3
gene_0198,139.5,114.8,111.2,101.0,135.8,131.8
gene_0199,93.3,122.2,80.8,456.9,421.6,568.3
gene_0200,14.5,19.2,18.0,17.9,23.0,23.3
gene_0201,167.3,162.2,132.4,21.4,27.7,21.0
gene_0202,257.3,183.3,216.8,259.4,246.4,272.6
gene_0203,461.7,374.4,593.1,415.2,519.8,515.7
gene_0204,364.6,562.3,444.5,534.6,501.8,659.3
gene_0205,15.2,9.2,17.0,63.0,92.2,67.4
gene_0206,23.2,23.6,23.0,30.8,22.1,21.4
gene_0207,219.0,185.1,268.4,145.9,170.0,213.5
gene_0208,217.5,233.9,265.8,210.5,186.7,240.3
gene_0209,196.1,213.3,215.5,207.7,177.1,160.8
gene_0210,5312.9,4524.9,6430.9,27242.4,26503.1,32063.1
gene_0211,249.7,229.3,212.8,148.5,101.1,111.5
gene_0212,465.0,501.6,723.3,101.9,90.0,79.4
gene_0213,403.6,375.9,345.7,581.5,552.0,567.1
gene_0214,252.2,275.9,248.5,254.5,357.1,290.9
gene_0215,67.1,70.1,63.6,155.1,125.3,129.6
gene_0216,267.8,340.5,315.5,280.6,352.4,350.6
gene_0217,28.1,31.2,33.9,34.4,42.9,41.3
gene_0218,59.6,72.4,73.9,78.9,79.9,73.9
gene_0219,45.0,48.2,44.3,34.6,39.9,41.7
gene_0220,126.9,123.2,127.2,75.2,86.3,53.8
gene_0221,3427.2,3515.1,3050.2,3060.9,2265.0,2578.8
gene_0222,11.1,10.8,9.4,2.2,2.0,1.8
gene_0223,272.3,260.8,230.2,336.2,258.8,247.6
gene_0224,7.7,6.0,11.1,2.9,3.1,2.6
gene_0225,46.9,45.5,46.2,27.4,23.4,24.8
gene_0226,478.2,613.6,365.8,368.8,477.2,570.0
gene_0227,106.4,96.2,126.7,115.9,132.0,89.2
gene_0228,23.5,15.2,19.0,3.7,3.6,4.0
gene_0229,24.8,34.9,40.4,26.4,21.7,30.1
gene_0230,250.2,242.9,237.7,266.0,281.7,222.0
gene_0231,28.1,30.0,28.6,52.8,55.3,54.3
gene_0232,143.0,173.0,147.2,130.1,109.2,132.9
gene_0233,99.6,113.7,85.0,85.3,71.1,94.9
gene_0234,42.6,35.0,49.2,166.8,132.1,153.9
gene_0235,2102.2,2634.5,2030.7,16375.3,18656.9,18186.8
gene_0236,258.3,263.7,244.4,59.5,73.6,83.8
gene_0237,9.8,10.6,9.1,15.0,8.1,13.4
gene_0238,159.0,162.0,127.7,114.1,171.7,141.4
gene_0239,36.2,32.1,30.1,41.9,42.6,39.8
gene_0240,318.0,301.8,282.0,1238.0,1147.7,1005.1
gene_0241,33.4,24.4,35.0,43.2,42.6,51.0
gene_0242,68.0,95.2,80.4,99.2,67.5,65.8
gene_0243,226.9,206.6,189.0,217.7,310.4,210.3
gene_0244,378.7,424.5,427.1,351.5,374.4,363.2
gene_0245,12.7,17.9,16.6,5.2,3.7,5.0
gene_0246,71.1,61.0,40.8,48.5,66.6,54.9
gene_0247,54.1,48.4,47.4,31.6,49.2,51.0
gene_0248,32.2,36.5,35.8,34.2,29.6,36.7
gene_0249,1427.9,872.5,1506.7,1443.5,1038.8,1332.8
gene_0250,234.0,186.7,215.0,189.5,202.4,196.7
gene_0251,14.2,14.8,11.4,12.7,16.1,11.5
gene_0252,332.9,399.9,402.8,571.1,531.3,546.3
gene_0253,2285.5,1950.8,2386.6,2850.8,2770.0,1898.6
gene_0254,488.3,407.5,568.8,573.6,620.4,548.6
gene_0255,10.1,12.5,11.7,3.3,3.1,2.4
gene_0256,50.7,47.5,52.4,58.4,61.3,54.4
gene_0257,563.9,453.2,586.1,826.5,877.1,664.2
gene_0258,27.0,31.2,40.5,40.0,47.8,45.1
gene_0259,215.3,247.7,211.8,195.5,246.6,201.3
gene_0260,281.6,352.6,341.1,290.2,280.6,290.6
gene_0261,22.9,23.9,21.8,24.2,23.9,24.1
gene_0262,90.6,89.0,111.2,94.8,111.7,79.9
gene_0263,10.9,8.9,9.2,10.0,9.9,9.9
gene_0264,25.4,21.7,22.2,21.4,26.0,24.2
gene_0265,65.3,52.2,70.7,506.9,398.1,446.0
gene_0266,16.6,11.8,13.9,14.9,16.5,18.8
gene_0267,1497.2,1182.2,1073.2,1375.9,1110.0,1070.4
gene_0268,11.2,10.9,12.4,13.2,14.7,18.0
gene_0269,52.6,63.4,61.0,166.0,144.4,176.3
gene_0270,117.1,121.6,127.7,110.4,98.5,85.2
gene_0271,993.8,943.1,644.5,148.7,172.0,178.6
gene_0272,9.0,11.4,12.5,5.3,5.8,5.2
gene_0273,650.5,503.8,474.4,613.7,479.6,418.1
gene_0274,118.1,86.6,81.2,18.6,18.4,20.7
gene_0275,19.2,24.7,25.2,4.2,4.7,4.7
gene_0276,195.1,232.5,234.2,212.6,102.0,133.2
gene_0277,171.5,98.4,171.0,124.8,125.4,98.6
gene_0278,37.9,51.3,40.4,243.8,277.1,253.7
gene_0279,116.8,96.9,109.8,105.1,84.9,124.7
gene_0280,45.7,54.7,63.9,42.7,60.0,52.6
gene_0281,101.4,154.5,118.6,86.7,83.7,107.3
gene_0282,245.2,300.6,269.9,335.4,242.3,248.3
gene_0283,1033.9,1047.4,1022.0,7589.3,7125.5,5685.5
gene_0284,16.6,15.1,13.2,13.7,15.7,16.8
gene_0285,2818.4,1896.8,2345.8,713.4,1075.4,858.4
gene_0286,9.9,10.7,14.1,10.0,9.3,7.8
gene_0287,97.1,77.5,99.4,107.1,85.5,72.7
gene_0288,251.6,219.4,243.1,250.7,162.9,225.2
gene_0289,169.8,170.9,121.2,151.8,168.6,150.1
gene_0290,38.6,46.0,35.2,35.5,44.7,49.8
gene_0291,84.6,79.0,82.4,88.0,72.2,74.4
gene_0292,57.0,39.1,50.8,182.4,238.1,203.8
gene_0293,41.4,52.0,34.6,40.3,38.0,42.2
gene_0294,461.2,325.2,293.4,259.4,285.0,298.1
gene_0295,173.8,217.0,212.5,185.3,213.5,174.2
gene_0296,41.2,39.6,38.8,203.2,180.4,156.0
gene_0297,378.0,418.2,389.7,2154.7,2500.7,2480.7
gene_0298,157.1,170.2,175.4,159.0,197.2,201.1
gene_0299,354.7,372.2,388.5,75.3,104.5,79.5
gene_0300,230.4,264.7,174.4,272.1,304.1,199.6
gene_0301,33.5,25.8,29.7,31.6,37.4,39.8
gene_0302,47.3,43.1,40.1,45.3,50.3,50.5
gene_0303,332.1,247.8,305.7,377.6,458.9,369.4
gene_0304,266.8,239.2,179.4,229.2,200.3,239.6
gene_0305,72.7,92.7,93.8,97.9,75.3,101.7
gene_0306,153.4,127.7,120.9,81.4,90.7,101.7
gene_0307,625.7,784.3,734.1,828.8,503.5,593.3
gene_0308,32.6,27.4,45.6,38.5,31.2,36.3
gene_0309,205.8,210.4,216.3,201.3,207.5,208.5
gene_0310,78.5,43.1,71.3,63.8,64.2,70.2
gene_0311,72.0,69.8,60.6,84.8,66.2,68.1
gene_0312,541.9,544.7,472.1,248.9,385.7,455.6
gene_0313,380.5,340.8,320.1,443.2,311.3,360.0
gene_0314,271.0,283.4,371.7,342.9,279.1,214.2
gene_0315,690.9,728.8,719.2,2266.9,2419.3,2197.6
gene_0316,86.0,114.9,104.7,114.8,108.6,114.3
gene_0317,284.8,350.3,305.4,276.1,276.6,269.4
gene_0318,60.9,55.1,67.3,43.1,77.2,74.4
gene_0319,193.4,184.0,145.9,825.4,721.8,525.6
gene_0320,84.2,74.6,82.3,105.4,87.3,71.6
gene_0321,132.4,122.0,96.0,99.5,111.8,147.5
gene_0322,233.1,247.2,195.2,72.2,44.6,57.6
gene_0323,31.1,24.4,32.0,27.2,25.6,37.4
gene_0324,2360.4,2486.7,2659.5,1367.3,2466.6,1995.1
gene_0325,20.0,23.6,20.9,23.5,21.5,22.1
gene_0326,15.0,13.6,14.4,16.3,21.1,20.2
gene_0327,512.4,573.3,543.6,132.3,134.8,140.1
gene_0328,185.2,345.9,308.3,301.8,377.7,411.7
gene_0329,281.4,235.2,213.9,162.2,303.5,321.0
gene_0330,252.7,292.6,205.8,1758.9,1737.5,1775.5
gene_0331,115.4,96.6,93.8,83.1,115.9,75.9
gene_0332,23.9,32.6,27.9,28.4,28.5,24.4
gene_0333,110.9,106.2,115.1,25.7,35.2,38.3
gene_0334,35.1,39.7,37.9,33.8,31.3,32.0
gene_0335,450.7,428.1,514.3,514.8,514.7,478.4
gene_0336,68.6,84.1,81.0,73.7,105.0,103.5
gene_0337,24.0,26.2,26.6,4.9,4.8,4.5
gene_0338,64.3,49.8,65.3,61.8,56.3,48.3
gene_0339,186.5,195.7,138.3,36.5,37.1,33.4
gene_0340,45.4,42.1,44.8,112.5,112.5,120.0
gene_0341,30.6,27.0,26.3,26.4,32.2,37.7
gene_0342,136.4,153.8,127.9,141.1,163.0,151.2
gene_0343,110.4,156.8,157.8,136.7,146.6,116.6
gene_0344,47.2,54.5,53.9,45.1,36.1,35.2
gene_0345,50.2,50.7,48.6,45.7,55.4,52.9
gene_0346,147.8,154.2,135.8,971.5,1222.6,929.3
gene_0347,10.6,13.5,10.5,10.0,9.6,7.5
gene_0348,11.9,10.3,12.6,13.8,7.9,11.1
gene_0349,36.3,22.9,40.9,28.3,31.1,24.5
gene_0350,67.8,70.8,95.9,86.9,74.0,75.3
gene_0351,174.6,216.6,168.6,140.3,132.3,144.3
gene_0352,833.8,982.4,717.9,1006.9,1163.3,1105.9
gene_0353,336.9,349.4,418.2,283.9,284.2,298.5
gene_0354,78.5,62.7,89.9,59.0,70.8,62.6
gene_0355,96.2,73.8,111.8,400.8,393.5,635.5
gene_0356,24.1,25.4,23.8,20.5,17.7,21.1
gene_0357,83.0,83.9,74.2,17.0,20.6,18.1
gene_0358,63.8,64.5,35.2,62.6,52.6,68.2
gene_0359,155.9,141.1,165.0,137.1,165.8,148.9
gene_0360,29.9,24.8,24.3,112.2,99.8,106.8
gene_0361,249.9,168.5,263.6,222.5,134.4,262.8
gene_0362,1044.6,925.0,1074.1,1035.0,1312.2,1068.5
gene_0363,110.7,85.7,93.2,11.2,14.3,12.7
gene_0364,144.0,176.1,235.6,231.6,193.5,147.6
gene_0365,246.4,222.2,203.6,377.3,340.7,428.4
gene_0366,46.6,54.8,43.3,300.9,319.4,311.8
gene_0367,141.1,160.4,158.1,135.9,152.9,171.9
gene_0368,117.7,91.8,112.7,44.9,36.0,47.9
gene_0369,118.4,85.5,110.7,113.8,102.9,134.0
gene_0370,37.3,29.6,29.0,31.3,31.0,29.1
gene_0371,46.0,131.1,103.8,96.3,103.8,97.8
gene_0372,197.4,179.2,152.9,643.7,672.5,886.7
gene_0373,977.6,765.1,529.4,789.4,738.4,735.5
gene_0374,482.1,430.4,359.9,352.8,413.8,372.2
gene_0375,2499.9,2916.4,2004.3,2601.3,2919.9,2534.3
gene_0376,35.1,30.3,32.4,32.3,27.7,39.3
gene_0377,402.1,442.4,429.5,416.9,480.0,408.6
gene_0378,117.2,131.9,111.8,97.8,124.6,144.4
gene_0379,3095.4,2327.5,3074.7,1922.0,2024.6,2859.0
gene_0380,30.0,29.0,30.8,4.7,5.4,5.7
gene_0381,33.6,21.3,35.9,28.2,24.0,23.2
gene_0382,42.4,32.5,37.3,40.8,49.6,48.8
gene_0383,9.0,9.7,7.6,6.8,8.0,11.4
gene_0384,50.8,48.1,35.5,43.5,42.5,47.5
gene_0385,30.9,27.2,33.7,37.1,31.9,37.5
gene_0386,146.4,152.1,134.5,118.9,107.2,128.4
gene_0387,140.2,189.9,159.8,241.1,214.4,195.1
gene_0388,1608.9,1799.6,1787.5,1514.0,1632.3,1826.7
gene_0389,331.0,461.4,448.6,2677.5,2028.9,2274.9
gene_0390,43.4,46.8,44.8,36.4,46.7,58.2
gene_0391,28.4,32.4,30.1,38.1,33.1,34.1
gene_0392,217.2,209.3,232.4,178.6,248.6,166.8
gene_0393,15.5,16.7,13.4,9.1,12.8,11.2
gene_0394,1750.2,1534.3,1965.1,1017.1,1574.5,1790.4
gene_0395,595.9,613.2,548.4,553.4,413.4,492.3
gene_0396,43.6,54.4,45.2,298.2,306.3,288.2
gene_0397,10.4,10.6,11.2,10.5,10.3,9.1
gene_0398,717.1,662.4,660.4,3482.3,3018.6,4129.0
gene_0399,83.7,103.2,91.4,72.4,81.2,61.4
gene_0400,658.6,574.4,533.3,714.6,671.7,669.3
gene_0401,11.2,8.1,9.4,8.1,6.4,7.8
gene_0402,37.4,41.5,56.2,148.4,151.7,143.3
gene_0403,111.9,84.6,129.5,313.5,300.5,365.9
gene_0404,93.0,118.9,129.9,96.9,131.5,110.3
gene_0405,55.9,61.3,63.4,62.9,67.7,73.2
gene_0406,210.2,188.5,252.3,167.4,216.4,237.8
gene_0407,19.3,19.7,17.1,24.6,18.5,15.1
gene_0408,78.3,91.9,81.7,15.1,18.6,19.5
gene_0409,121.4,115.0,128.5,389.2,455.9,423.4
gene_0410,260.1,239.4,222.3,142.8,202.9,220.5
gene_0411,315.7,289.3,318.3,328.5,359.5,358.4
gene_0412,17.9,16.7,17.4,135.3,118.9,111.1
gene_0413,10.0,11.7,10.2,49.0,53.6,51.7
gene_0414,482.6,750.8,721.3,898.0,1038.6,1058.8
gene_0415,184.3,143.6,144.5,229.0,140.9,191.7
gene_0416,34.7,24.0,33.7,38.1,25.9,41.7
gene_0417,869.3,1112.8,1011.6,834.7,667.0,982.3
gene_0418,124.8,147.9,96.5,129.1,136.9,133.9
gene_0419,645.1,569.4,773.1,552.6,311.7,556.3
gene_0420,131.6,95.3,94.3,91.5,87.8,97.2
gene_0421,2500.3,2703.9,1400.1,298.2,330.5,325.8
gene_0422,1788.1,971.9,851.1,340.4,289.4,237.7
gene_0423,70.6,71.3,62.7,71.8,74.0,91.5
gene_0424,491.5,541.5,342.9,444.6,486.1,333.9
gene_0425,310.0,288.6,248.8,232.1,283.6,210.2
gene_0426,930.3,749.6,867.4,4005.0,5277.9,3427.3
gene_0427,21.5,18.2,19.6,25.9,29.0,26.3
gene_0428,279.6,242.3,317.6,245.1,228.0,272.6
gene_0429,340.0,387.8,627.6,375.6,403.4,496.2
gene_0430,10.2,9.6,7.0,11.6,9.6,12.1
gene_0431,15.3,19.4,20.2,77.7,94.6,66.9
gene_0432,10.4,11.8,10.8,10.9,8.7,7.6
gene_0433,95.2,83.1,50.7,287.9,275.5,357.9
gene_0434,318.5,318.2,221.7,325.3,351.7,261.4
gene_0435,827.6,1145.9,730.2,1213.5,1159.1,952.6
gene_0436,100.9,125.7,98.6,108.9,122.1,83.4
gene_0437,900.4,1096.2,1232.8,897.8,990.2,773.5
gene_0438,14.4,13.0,13.2,63.9,60.3,55.3
gene_0439,11.7,10.2,9.8,8.5,8.5,8.3
gene_0440,98.2,79.1,80.1,87.5,79.0,92.5
gene_0441,188.8,163.2,193.3,210.5,190.4,196.3
gene_0442,92.8,109.4,86.9,105.4,139.0,108.4
gene_0443,9.4,9.4,9.9,79.2,71.8,63.4
gene_0444,79.0,89.5,88.0,37.2,39.7,49.1
gene_0445,11.0,15.6,14.3,11.9,19.6,17.6
gene_0446,305.8,203.5,264.0,245.9,388.6,343.7
gene_0447,155.6,133.4,178.4,1500.2,953.5,1108.8
gene_0448,20.4,27.6,23.1,7.3,7.8,6.6
gene_0449,36.2,55.8,56.4,49.5,50.1,57.4
gene_0450,20.9,19.1,20.5,31.4,26.2,23.4
gene_0451,93.0,100.0,98.3,100.9,81.6,103.9
gene_0452,420.8,374.3,466.9,370.3,303.5,337.7
gene_0453,22.2,24.8,19.8,23.4,19.8,27.8
gene_0454,267.9,264.4,243.8,247.3,150.9,224.7
gene_0455,41.8,51.1,28.0,37.4,35.1,42.4
gene_0456,37.5,26.2,26.4,31.4,38.3,30.7
gene_0457,68.8,77.4,87.8,87.0,75.1,76.1
gene_0458,18.0,24.8,18.5,6.5,6.4,5.3
gene_0459,37.9,51.6,35.7,34.6,32.3,39.9
gene_0460,21.3,16.3,16.7,13.3,14.9,17.8
gene_0461,1945.9,2514.2,2264.9,2236.8,2230.2,2820.6
gene_0462,107.6,127.7,137.1,111.9,121.5,132.4
gene_0463,39.0,39.0,28.0,5.3,5.6,7.2
gene_0464,112.3,169.3,154.0,37.9,27.8,32.6
gene_0465,88.3,87.7,88.2,83.1,88.4,100.1
gene_0466,59.2,88.4,82.4,60.0,74.2,79.6
gene_0467,204.7,252.8,248.3,52.1,58.5,52.5
gene_0468,375.7,282.2,348.5,195.2,253.3,260.1
gene_0469,43.8,42.4,40.6,49.8,51.5,44.2
gene_0470,35.2,53.5,36.6,38.5,34.4,50.0
gene_0471,64.0,76.4,72.3,72.0,66.2,80.5
gene_0472,12.8,11.5,9.3,4.6,3.9,3.4
gene_0473,8.9,9.7,10.5,14.8,9.8,13.6
gene_0474,740.1,542.0,718.1,7262.7,6492.3,6547.7
gene_0475,1414.2,995.9,993.2,560.3,960.0,919.9
gene_0476,76.3,56.6,52.3,275.3,295.8,423.3
gene_0477,273.1,221.1,248.1,231.7,272.1,214.0
gene_0478,177.5,139.2,178.8,155.3,146.3,206.1
gene_0479,5132.7,4758.4,5568.6,1001.2,1461.1,1226.9
gene_0480,584.5,411.7,505.5,479.0,552.6,527.5
gene_0481,77.7,86.5,98.1,86.4,84.9,63.8
gene_0482,22.9,17.6,23.4,27.0,16.0,27.8
gene_0483,9.5,10.0,9.2,6.0,7.2,10.7
gene_0484,113.4,103.4,138.6,35.4,34.2,36.0
gene_0485,35.3,29.3,33.1,37.7,27.8,21.3
gene_0486,13.0,16.3,11.8,87.3,81.0,104.9
gene_0487,37.5,36.9,43.1,32.8,28.5,40.0
gene_0488,18.0,16.9,26.0,17.7,19.6,18.3
gene_0489,1089.2,1386.2,1315.5,1219.2,1440.9,1248.6
gene_0490,313.1,307.4,390.5,393.0,510.8,414.2
gene_0491,87.2,101.2,79.6,319.2,338.8,332.8
gene_0492,1100.6,1279.4,1013.4,205.8,241.5,148.5
gene_0493,114.5,104.3,126.5,125.7,106.0,121.0
gene_0494,31.8,22.1,24.2,23.2,28.3,32.0
gene_0495,686.1,996.2,846.1,1116.0,935.3,988.8
gene_0496,224.4,262.3,293.4,1217.2,1257.3,1537.6
gene_0497,18.5,24.1,24.6,20.5,19.8,21.4
gene_0498,76.3,78.7,49.8,58.1,63.8,59.8
gene_0499,15.3,19.3,21.6,72.9,69.3,67.2
gene_0500,14.1,14.1,12.8,14.8,12.7,12.9
gene_0501,298.4,386.1,448.5,1822.2,1458.9,1626.2
gene_0502,1002.2,1639.5,1633.3,2319.5,2007.2,2036.1
gene_0503,13.1,12.4,15.1,1.7,2.7,3.1
gene_0504,166.7,261.9,206.1,250.6,217.7,282.0
gene_0505,36.1,42.5,40.1,35.4,43.2,36.2
gene_0506,48.6,45.9,54.7,15.4,14.2,12.8
gene_0507,33.3,42.0,37.2,127.0,141.5,219.9
gene_0508,24.7,31.8,25.9,5.3,5.3,3.9
gene_0509,75.5,76.8,94.5,148.9,108.9,118.5
gene_0510,34.4,29.2,29.1,31.7,30.3,28.6
gene_0511,133.8,151.8,174.7,158.3,130.4,139.0
gene_0512,96.5,91.5,99.9,100.5,73.9,66.7
gene_0513,64.3,72.1,79.0,66.1,48.7,71.7
gene_0514,24.9,21.2,22.7,81.5,72.9,75.8
gene_0515,39.9,37.3,39.8,51.1,36.9,59.4
gene_0516,337.3,285.6,348.4,356.5,286.4,291.5
gene_0517,259.5,279.4,212.9,175.0,196.8,244.6
gene_0518,19.5,22.4,24.1,4.9,6.6,6.3
gene_0519,151.1,129.7,99.3,136.5,145.1,146.1
gene_0520,272.7,267.2,255.9,523.6,461.5,370.1
gene_0521,10.2,9.8,8.5,9.6,9.9,12.4
gene_0522,203.7,168.0,190.4,193.4,209.0,188.2
gene_0523,41.6,30.8,37.1,43.8,36.5,36.0
gene_0524,300.9,279.3,255.3,250.1,261.4,259.5
gene_0525,29.9,32.8,33.5,3.3,5.0,4.3
gene_0526,9.6,10.3,11.4,6.4,8.1,6.7
gene_0527,14.0,10.2,8.2,4.5,2.7,2.8
gene_0528,105.3,93.8,111.5,318.3,553.8,395.7
gene_0529,138.4,164.3,143.1,40.5,35.2,54.5
gene_0530,27.8,21.6,26.4,19.1,29.0,23.7
gene_0531,222.5,287.9,249.7,233.2,305.5,304.3
gene_0532,11.7,10.1,10.2,8.8,10.7,8.2
gene_0533,96.9,98.9,95.3,312.2,335.3,324.8
gene_0534,21.0,15.1,14.0,17.9,17.7,18.5
gene_0535,35.0,38.2,38.3,7.9,7.0,7.0
gene_0536,115.7,121.3,91.5,380.8,588.1,518.4
gene_0537,26.6,27.6,25.9,22.0,18.2,24.1
gene_0538,57.6,58.0,48.6,54.5,43.9,45.3
gene_0539,458.4,622.6,464.1,271.2,398.6,486.4
gene_0540,35.0,47.3,43.1,49.5,39.5,39.0
gene_0541,380.0,349.9,346.7,488.8,431.5,277.6
gene_0542,20.6,20.3,21.6,101.9,124.5,120.7
gene_0543,189.6,252.8,213.4,74.5,56.4,49.6
gene_0544,837.5,899.4,799.5,459.8,900.0,899.4
gene_0545,11.0,9.4,9.3,13.3,8.4,10.6
gene_0546,30.9,33.0,31.0,28.1,38.3,32.6
gene_0547,178.2,245.1,254.6,44.8,36.8,26.9
gene_0548,57.7,87.7,64.9,240.8,360.8,291.4
gene_0549,199.3,150.6,213.1,180.2,142.0,119.6
gene_0550,54.4,39.1,35.8,43.7,41.3,42.6
gene_0551,112.2,146.0,91.5,115.8,133.7,148.4
gene_0552,87.0,78.2,73.5,74.3,70.5,54.9
gene_0553,498.2,529.3,518.2,674.0,622.0,632.7
gene_0554,150.7,151.7,111.7,156.9,128.3,139.5
gene_0555,154.2,169.6,180.2,115.9,141.7,127.4
gene_0556,64.6,44.9,45.8,44.8,40.8,45.8
gene_0557,44.3,48.8,55.4,47.9,48.6,39.9
gene_0558,51.2,49.0,57.6,53.4,52.5,63.2
gene_0559,234.4,175.9,185.3,188.5,177.7,177.9
gene_0560,52.4,52.6,47.2,67.5,67.3,69.7
gene_0561,143.1,173.7,180.7,127.4,148.9,183.3
gene_0562,2029.9,2427.5,2252.0,2831.0,2712.9,2999.0
gene_0563,312.8,318.8,450.5,446.7,339.4,427.1
gene_0564,54.2,56.4,74.7,68.3,75.6,65.2
gene_0565,514.0,626.4,715.3,198.7,194.0,217.4
gene_0566,49.7,56.6,54.7,49.1,60.8,58.1
gene_0567,9.5,10.0,9.6,9.9,8.2,10.2
gene_0568,20.0,22.4,23.5,82.8,99.3,80.6
gene_0569,9.8,9.1,11.1,42.5,41.1,37.9
gene_0570,56.1,75.2,54.6,57.8,53.0,57.6
gene_0571,115.7,97.3,113.7,148.0,113.6,130.1
gene_0572,1325.4,1063.4,1287.4,3882.5,3719.8,4040.4
gene_0573,159.5,137.3,229.6,997.8,922.6,902.0
gene_0574,85.0,94.4,79.4,67.6,81.1,67.8
gene_0575,369.6,399.1,326.9,220.2,298.9,356.9
gene_0576,11.1,12.0,9.4,12.3,10.2,10.9
gene_0577,161.7,112.9,120.9,17.7,24.3,20.0
gene_0578,414.5,318.0,247.7,277.2,313.7,332.1
gene_0579,9.3,11.8,12.2,4.6,6.6,4.7
gene_0580,472.6,428.5,657.8,513.8,475.3,398.8
gene_0581,156.5,225.5,112.7,131.6,184.4,172.6
gene_0582,49.0,55.3,57.4,9.9,12.3,10.2
gene_0583,302.4,265.4,179.6,182.6,189.5,214.0
gene_0584,3954.4,3178.4,2966.7,4596.2,3032.0,3591.4
gene_0585,118.8,139.2,149.0,152.7,153.0,134.9
gene_0586,152.1,126.8,159.8,162.9,146.5,177.1
gene_0587,35.8,61.3,56.2,7.6,5.5,6.5
gene_0588,28.1,26.8,20.9,20.7,24.7,20.9
gene_0589,418.9,373.2,305.6,452.2,440.5,401.4
gene_0590,27.5,26.4,25.4,20.3,31.2,23.4
gene_0591,111.8,96.1,107.0,507.1,316.6,432.4
gene_0592,48.6,53.8,58.0,48.3,43.9,45.1
gene_0593,200.4,262.5,159.5,1204.4,1220.8,1420.1
gene_0594,182.3,183.8,149.9,135.7,113.5,115.4
gene_0595,515.4,548.6,440.2,553.6,509.0,550.7
gene_0596,44.4,57.1,61.7,45.2,47.1,41.3
gene_0597,55.3,55.4,58.6,86.3,73.4,86.0
gene_0598,24.0,21.4,22.8,20.2,20.9,19.3
gene_0599,52.0,46.7,42.4,48.4,48.7,51.9
gene_0600,149.1,163.4,182.2,578.6,679.3,672.4
gene_0601,333.6,379.4,341.3,324.4,307.9,311.2
gene_0602,21.1,18.4,26.8,23.3,18.7,24.4
gene_0603,358.8,260.5,419.3,380.9,472.5,331.7
gene_0604,811.3,672.3,787.1,3323.0,3219.2,3011.3
gene_0605,147.5,206.3,214.7,129.3,132.6,177.9
gene_0606,1617.4,1451.7,1737.9,457.2,517.8,474.3
gene_0607,29.8,36.5,19.7,34.6,36.5,29.0
gene_0608,17.6,13.2,13.9,14.6,18.9,12.2
gene_0609,12.5,9.5,10.9,4.5,4.3,3.8
gene_0610,1118.9,870.3,839.7,1306.2,1179.5,1389.3
gene_0611,264.4,240.8,277.9,259.9,252.7,313.4
gene_0612,117.3,88.6,78.5,79.9,88.1,85.0
gene_0613,179.5,167.4,127.0,18.3,15.7,23.2
gene_0614,13.0,14.9,17.1,21.6,18.4,18.8
gene_0615,3716.6,4021.4,3202.2,12530.1,18287.7,15486.8
gene_0616,135.2,122.4,118.8,123.5,128.2,130.2
gene_0617,115.6,134.7,74.2,126.8,104.7,121.1
gene_0618,268.1,237.9,312.2,217.2,263.5,246.2
gene_0619,200.4,230.4,190.6,245.5,260.5,213.1
gene_0620,127.5,168.6,138.2,143.1,142.9,109.1
gene_0621,27.1,32.3,21.1,5.9,5.3,7.1
gene_0622,213.4,239.1,201.6,187.1,181.6,175.9
gene_0623,2360.4,1886.5,1413.7,2601.8,1750.7,1953.7
gene_0624,858.5,578.8,659.0,1099.3,851.7,1013.4
gene_0625,1016.9,1075.6,1383.3,1458.3,1297.7,1228.2
gene_0626,42.3,55.1,51.8,28.6,35.0,34.2
gene_0627,23.7,20.6,26.4,7.4,7.8,6.5
gene_0628,73.7,115.8,105.2,21.0,26.1,25.1
gene_0629,98.5,96.9,119.6,80.6,72.9,86.0
gene_0630,404.5,525.1,420.3,431.3,470.8,555.3
gene_0631,9.0,8.2,10.7,11.6,10.4,12.0
gene_0632,1201.4,919.3,1085.8,1019.7,1198.6,1019.6
gene_0633,69.6,95.2,82.7,11.8,12.1,11.7
gene_0634,44.8,48.9,55.7,11.3,10.5,13.7
gene_0635,15.3,22.9,21.4,18.9,23.3,21.3
gene_0636,11.9,11.3,12.9,49.4,64.4,43.9
gene_0637,338.0,319.8,374.8,560.2,445.9,566.4
gene_0638,105.3,97.9,111.4,119.4,174.7,152.0
gene_0639,14.4,14.3,18.0,23.2,22.7,18.6
gene_0640,11.9,14.3,15.0,12.6,11.7,9.5
gene_0641,55.6,54.8,65.3,59.9,60.9,57.7
gene_0642,844.9,906.1,1196.9,1074.4,1258.0,1071.2
gene_0643,57.8,74.5,67.6,63.2,51.0,68.2
gene_0644,10.9,8.9,11.7,11.8,10.8,10.8
gene_0645,79.0,73.0,61.9,343.2,383.2,245.9
gene_0646,57.1,73.2,78.5,16.1,15.8,14.2
gene_0647,8.5,9.7,7.0,12.3,9.1,9.5
gene_0648,106.8,69.9,75.7,109.6,113.6,104.3
gene_0649,70.3,84.2,77.5,70.4,73.0,62.5
gene_0650,376.8,185.8,346.3,80.5,73.5,71.7
gene_0651,1564.0,1866.4,1591.8,646.5,823.9,898.2
gene_0652,385.2,733.4,457.6,150.3,142.8,175.6
gene_0653,54.0,55.2,59.9,68.5,69.4,79.5
gene_0654,22.5,21.9,18.3,14.0,13.9,22.2
gene_0655,5347.5,4307.6,3720.9,3649.9,4443.5,4444.7
gene_0656,126.4,101.9,105.3,49.3,28.7,44.2
gene_0657,97.0,113.0,110.0,44.5,45.9,32.5
gene_0658,107.3,99.9,116.7,84.6,102.4,75.6
gene_0659,80.0,132.7,123.2,95.6,128.8,134.1
gene_0660,81.8,78.3,81.3,68.4,82.2,58.3
gene_0661,35.5,37.3,45.7,44.3,55.9,52.1
gene_0662,38.7,48.2,41.3,46.3,48.7,50.4
gene_0663,98.1,118.1,101.5,111.7,104.5,99.1
gene_0664,47.0,44.9,46.0,46.2,44.8,56.2
gene_0665,31.6,36.6,33.2,17.8,27.3,24.2
gene_0666,116.1,116.8,124.1,117.3,119.7,140.8
gene_0667,59.9,49.4,69.8,259.3,246.5,229.3
gene_0668,1133.5,1109.4,907.1,440.6,443.3,419.3
gene_0669,11.7,9.8,9.2,7.3,10.5,9.5
gene_0670,511.0,417.4,561.0,510.5,435.6,373.1
gene_0671,676.1,832.4,802.1,1130.6,1122.7,1067.6
gene_0672,8.3,10.4,9.2,8.2,10.8,10.1
gene_0673,44.5,68.6,64.3,503.7,426.8,453.6
gene_0674,40.3,64.7,48.7,41.9,41.8,61.2
gene_0675,10.9,13.8,12.1,11.7,11.3,12.1
gene_0676,30.8,33.9,28.9,32.4,30.4,28.8
gene_0677,15.3,21.7,17.4,18.3,17.6,18.7
gene_0678,1462.3,1284.0,1422.7,1598.0,1155.7,1230.8
gene_0679,446.1,498.3,331.1,51.0,68.5,67.4
gene_0680,744.2,728.8,670.1,169.4,131.4,151.0
gene_0681,241.4,293.3,230.5,244.9,369.5,213.6
gene_0682,17.8,20.7,24.5,2.4,2.5,2.4
gene_0683,52.8,48.5,41.6,51.2,40.8,33.4
gene_0684,158.5,202.1,211.6,549.7,527.0,486.5
gene_0685,18.4,16.0,12.9,13.1,20.1,11.2
gene_0686,282.6,421.7,311.5,283.8,218.9,364.0
gene_0687,82.4,76.9,69.7,62.9,56.6,49.5
gene_0688,65.2,56.6,61.5,57.8,63.0,58.8
gene_0689,286.5,291.8,419.5,270.0,334.5,240.7
gene_0690,185.7,163.3,241.5,177.2,260.8,173.8
gene_0691,65.9,44.3,54.3,52.3,47.4,50.8
gene_0692,555.1,638.1,391.0,112.6,146.1,133.3
gene_0693,23.5,22.0,16.5,21.8,20.2,26.6
gene_0694,282.2,271.7,277.2,341.5,340.3,306.4
gene_0695,263.0,278.1,282.1,282.3,303.5,289.2
gene_0696,68.8,52.1,52.1,67.6,70.7,85.0
gene_0697,95.1,137.8,158.3,185.9,192.4,202.2
gene_0698,13.1,13.5,18.4,14.9,15.2,13.6
gene_0699,460.5,450.8,435.8,383.1,396.6,492.2
gene_0700,69.9,61.1,69.7,79.3,59.1,67.5
gene_0701,41.4,50.9,49.3,4.9,6.6,4.7
gene_0702,442.3,481.5,616.0,530.1,447.8,481.9
gene_0703,39.6,30.8,40.5,14.6,13.6,14.6
gene_0704,9.2,8.2,11.9,15.3,16.0,15.2
gene_0705,13.5,10.3,7.9,31.4,37.7,35.3
gene_0706,202.5,246.0,246.5,699.0,486.5,528.6
gene_0707,18.2,15.4,12.6,12.0,11.0,13.6
gene_0708,1605.5,1730.6,1080.4,2087.1,1891.9,1773.8
gene_0709,9.4,7.1,11.0,1.5,1.7,2.0
gene_0710,926.8,1021.5,1506.8,386.6,341.9,386.8
gene_0711,151.0,160.4,114.3,507.4,654.3,657.2
gene_0712,69.1,73.7,84.0,96.6,97.0,76.6
gene_0713,44.4,39.4,36.4,57.8,56.9,64.8
gene_0714,158.5,188.4,139.2,161.5,180.1,182.3
gene_0715,102.4,105.9,88.2,22.6,26.9,19.6
gene_0716,631.6,592.1,502.4,405.0,423.8,467.6
gene_0717,125.9,110.2,81.6,65.1,42.0,47.1
gene_0718,117.7,102.5,131.3,122.6,143.4,97.3
gene_0719,52.2,58.0,58.3,86.3,67.4,72.7
gene_0720,98.8,61.5,97.1,89.4,64.1,76.4
gene_0721,194.2,174.4,169.3,149.2,165.0,130.2
gene_0722,9.4,11.5,9.7,4.0,4.3,4.9
gene_0723,12.3,12.5,11.2,19.6,15.3,14.4
gene_0724,277.2,341.6,331.1,232.8,253.0,262.2
gene_0725,115.6,99.4,139.2,144.4,170.6,167.7
gene_0726,76.5,71.0,68.7,460.8,504.5,603.1
gene_0727,124.4,122.1,105.0,137.0,108.1,91.4
gene_0728,217.0,181.9,129.7,209.8,151.0,156.6
gene_0729,51.3,53.6,37.8,60.0,55.6,43.3
gene_0730,30.0,38.2,23.8,33.2,31.0,29.6
gene_0731,136.8,173.8,176.8,573.0,689.3,808.8
gene_0732,20.3,23.9,26.5,14.3,23.1,17.2
gene_0733,189.8,216.1,118.4,227.2,265.3,187.0
gene_0734,10.9,12.0,7.6,11.1,11.5,10.9
gene_0735,474.3,397.9,565.9,630.2,541.9,597.0
gene_0736,214.4,155.6,203.7,1066.8,1366.0,817.9
gene_0737,167.5,178.0,106.4,120.6,205.9,140.4
gene_0738,639.4,318.4,447.8,416.1,404.5,446.6
gene_0739,1311.0,1185.5,1031.1,1459.0,1379.6,1282.5
gene_0740,498.9,510.8,405.6,517.3,437.6,534.6
gene_0741,9.7,10.9,9.3,7.4,5.8,6.8
gene_0742,16.8,15.7,15.1,20.2,18.3,17.9
gene_0743,43.0,43.8,48.9,48.2,59.2,54.2
gene_0744,98.0,102.4,107.4,97.6,126.6,110.3
gene_0745,220.2,261.6,221.6,234.7,175.4,159.0
gene_0746,32.2,19.5,38.2,31.1,33.4,40.8
gene_0747,134.7,123.6,91.9,183.2,169.9,200.5
gene_0748,29.3,25.2,37.0,14.6,16.4,18.7
gene_0749,42.3,41.0,41.3,32.4,50.0,50.4
gene_0750,13.1,9.4,11.9,12.9,9.7,12.5
gene_0751,25.2,27.7,23.5,9.4,9.9,7.8
gene_0752,13.7,7.9,12.0,11.0,11.9,10.9
gene_0753,18.3,26.7,19.2,115.6,88.3,93.6
gene_0754,416.0,495.8,471.5,412.0,381.7,295.6
gene_0755,25.1,17.7,20.9,27.2,26.9,21.6
gene_0756,6028.4,6236.0,6688.1,1846.8,1482.1,1478.0
gene_0757,194.9,272.0,206.0,240.3,237.9,207.6
gene_0758,103.2,130.1,134.9,178.0,149.8,122.3
gene_0759,31.7,26.7,17.1,22.5,23.0,18.7
gene_0760,277.7,314.1,300.1,1302.9,2021.9,2137.4
gene_0761,38.9,30.1,47.0,131.6,158.1,194.7
gene_0762,92.2,105.7,116.6,142.3,182.7,123.6
gene_0763,3513.9,4412.0,4112.3,4087.1,3896.4,3111.6
gene_0764,75.8,81.9,83.5,87.1,88.3,103.9
gene_0765,527.3,514.9,448.1,513.0,551.3,393.6
gene_0766,33.0,40.9,38.2,97.9,101.3,84.7
gene_0767,84.8,113.0,106.7,103.3,83.5,103.7
gene_0768,1540.3,1283.6,1494.7,285.0,231.7,243.2
gene_0769,43.1,32.7,34.5,48.7,44.2,44.8
gene_0770,1523.6,1738.5,1615.1,1533.2,1699.8,1782.6
gene_0771,386.4,264.0,396.2,277.4,428.5,300.5
gene_0772,42.6,43.1,37.4,42.2,36.5,33.9
gene_0773,256.7,319.8,248.4,60.8,46.6,43.1
gene_0774,459.4,543.4,443.6,483.3,526.4,427.6
gene_0775,248.3,272.1,278.9,239.5,316.6,303.1
gene_0776,8.8,9.9,8.3,6.6,8.6,9.7
gene_0777,31.8,28.8,29.5,6.1,7.1,6.3
gene_0778,82.4,58.1,68.2,80.8,55.4,63.2
gene_0779,102.1,92.9,76.5,241.7,384.1,221.4
gene_0780,277.8,233.4,293.6,856.3,1413.0,1076.2
gene_0781,141.6,115.4,127.9,137.0,176.8,147.6
gene_0782,14.6,14.6,14.8,12.9,21.2,14.1
gene_0783,175.9,217.5,228.2,209.5,172.7,190.5
gene_0784,256.2,257.5,203.8,247.7,212.5,185.7
gene_0785,214.3,240.9,182.8,922.3,843.6,1006.3
gene_0786,511.8,423.5,415.0,446.0,453.5,433.5
gene_0787,356.1,318.3,362.7,320.7,380.8,331.7
gene_0788,236.3,218.6,204.9,72.1,57.5,90.2
gene_0789,80.8,91.2,94.7,100.3,124.0,84.2
gene_0790,12.6,11.0,9.6,4.7,3.3,4.3
gene_0791,180.4,195.5,226.5,70.6,56.2,55.7
gene_0792,126.5,101.4,124.1,115.1,136.1,128.0
gene_0793,155.3,137.2,105.6,14.9,15.7,20.0
gene_0794,16.9,16.9,16.5,13.7,17.4,12.7
gene_0795,22.3,14.8,16.3,21.5,16.7,15.4
gene_0796,565.7,574.0,453.8,569.3,557.7,314.8
gene_0797,74.5,107.6,82.5,116.2,111.9,127.2
gene_0798,221.1,294.4,275.2,238.0,237.7,279.2
gene_0799,114.2,105.3,105.8,115.1,116.3,109.6
gene_0800,96.4,113.9,115.6,83.3,89.2,92.1
gene_0801,404.6,305.4,354.7,360.6,482.5,453.2
gene_0802,42.9,38.8,43.0,33.7,45.9,42.3
gene_0803,103.5,118.4,131.9,108.7,95.5,88.6
gene_0804,59.5,48.6,52.2,44.0,39.0,40.3
gene_0805,41.6,58.8,63.8,53.5,41.1,57.2
gene_0806,74.8,72.1,62.6,61.6,63.5,75.6
gene_0807,155.5,131.5,130.9,349.3,316.4,452.9
gene_0808,43.0,52.4,43.9,46.1,48.8,53.7
gene_0809,632.2,545.3,659.6,629.2,875.6,683.2
gene_0810,23.5,33.9,29.0,4.7,4.8,5.8
gene_0811,76.0,85.6,68.0,90.8,54.6,80.3
gene_0812,46.9,48.2,50.9,49.8,35.2,28.6
gene_0813,739.8,1010.6,660.0,290.5,357.7,314.9
gene_0814,157.0,93.3,127.8,51.8,35.9,49.9
gene_0815,453.5,500.7,559.3,449.1,384.5,457.5
gene_0816,9.7,11.2,8.7,1.5,1.8,1.5
gene_0817,173.8,218.5,148.6,170.1,166.9,161.0
gene_0818,424.7,365.7,342.0,217.2,267.2,319.7
gene_0819,97.2,117.3,111.0,617.3,491.5,819.9
gene_0820,532.8,692.1,574.5,4047.1,2485.4,2476.6
gene_0821,46.3,38.1,41.3,204.7,175.0,127.6
gene_0822,534.2,701.4,758.9,207.8,176.4,255.3
gene_0823,2809.2,3450.8,3170.3,12746.5,10774.8,9623.3
gene_0824,52.8,52.9,76.0,42.5,42.1,47.6
gene_0825,51.3,59.9,48.4,41.1,37.7,56.5
gene_0826,875.4,728.9,910.8,4344.2,4532.3,5038.0
gene_0827,1313.0,1085.3,955.0,958.1,1138.7,732.1
gene_0828,38.5,47.1,34.0,31.2,30.3,37.0
gene_0829,51.2,62.7,53.9,84.1,52.6,82.5
gene_0830,61.5,80.0,77.2,5.7,10.6,11.4
gene_0831,16.0,11.0,14.5,12.8,13.3,14.3
gene_0832,29.6,22.7,26.2,106.0,101.6,103.1
gene_0833,22.8,20.2,25.1,24.0,17.7,24.2
gene_0834,27.7,35.9,37.9,35.6,31.7,32.9
gene_0835,100.1,122.9,70.8,72.4,70.4,66.4
gene_0836,140.4,130.5,168.6,184.3,155.4,150.1
gene_0837,947.7,1037.3,1307.1,1252.9,1112.4,1196.7
gene_0838,24.9,20.0,22.3,22.1,18.7,15.2
gene_0839,367.4,381.4,422.7,514.6,574.4,417.1
gene_0840,79.9,68.5,53.1,93.7,112.0,105.9
gene_0841,91.8,108.5,95.5,45.2,29.6,32.0
gene_0842,305.3,338.7,292.4,232.1,218.8,238.9
gene_0843,21.9,17.6,21.5,51.4,58.8,48.2
gene_0844,176.1,206.7,152.6,143.8,115.2,125.1
gene_0845,165.4,141.7,102.0,135.2,102.5,125.7
gene_0846,229.0,261.6,192.4,164.3,110.3,181.4
gene_0847,171.1,174.3,183.3,512.8,528.7,496.5
gene_0848,4398.3,3419.1,3136.3,3705.5,4367.1,3406.1
gene_0849,34.8,35.0,42.9,331.4,304.7,322.0
gene_0850,48.3,42.6,41.4,15.6,8.0,11.3
gene_0851,38.1,42.6,46.0,62.3,48.1,48.5
gene_0852,45.8,40.0,35.7,46.1,52.1,45.1
gene_0853,40.8,27.7,38.5,38.0,32.7,44.4
gene_0854,759.8,683.4,689.1,585.7,580.5,386.3
gene_0855,826.0,906.4,909.2,1272.8,903.3,1166.2
gene_0856,35.7,41.1,42.1,8.4,8.3,7.6
gene_0857,19.4,30.6,27.5,31.8,30.9,22.6
gene_0858,220.5,221.1,218.9,917.4,947.3,1060.4
gene_0859,40.1,37.7,48.8,7.1,10.8,10.5
gene_0860,167.5,233.7,319.5,174.3,230.2,189.4
gene_0861,121.2,174.6,138.1,301.3,274.9,216.1
gene_0862,8.5,12.1,10.5,9.3,10.5,11.5
gene_0863,1088.3,901.2,778.1,997.5,1239.0,1198.5
gene_0864,1569.8,1440.9,1364.2,1605.0,1835.2,1891.5
gene_0865,38.3,55.1,40.4,37.8,48.7,27.7
gene_0866,59.9,55.3,68.0,64.0,59.9,64.6
gene_0867,129.2,175.8,122.6,160.8,153.4,112.2
gene_0868,166.9,172.1,148.9,121.6,154.0,151.2
gene_0869,277.7,268.9,245.7,361.7,257.7,234.7
gene_0870,2056.2,1984.2,1941.2,15087.4,9780.8,11842.7
gene_0871,64.5,70.5,96.7,93.0,92.8,76.7
gene_0872,28.3,38.5,32.5,31.6,35.6,34.7
gene_0873,11.0,11.9,16.9,15.4,11.1,15.7
gene_0874,39.9,28.9,31.1,42.5,35.1,34.2
gene_0875,76.1,110.4,92.5,12.6,14.3,17.1
gene_0876,1238.4,1273.1,1994.9,463.6,257.1,399.3
gene_0877,45.4,35.8,49.7,30.8,51.7,54.0
gene_0878,189.3,106.9,111.1,831.8,887.1,844.9
gene_0879,113.4,117.7,100.5,641.2,526.4,632.7
gene_0880,581.6,509.8,591.1,525.7,729.7,665.2
gene_0881,4122.2,4552.8,3693.5,682.3,726.8,780.1
gene_0882,46.1,46.1,36.2,234.3,208.0,115.9
gene_0883,70.1,42.2,42.6,37.1,39.1,45.2
gene_0884,576.0,464.9,455.6,707.9,552.7,601.8
gene_0885,239.7,348.4,321.8,1825.8,1756.8,1859.8
gene_0886,1562.8,1225.7,1855.1,1469.5,1954.5,1617.6
gene_0887,149.3,193.9,162.8,186.3,174.5,239.9
gene_0888,55.6,64.8,58.0,167.1,225.4,179.1
gene_0889,239.6,211.5,199.8,1130.7,1121.6,1252.5
gene_0890,565.4,496.4,568.0,2115.5,2419.2,2569.9
gene_0891,333.7,432.6,403.4,2141.5,2350.8,2233.8
gene_0892,214.7,275.4,230.6,176.6,170.9,172.1
gene_0893,531.7,469.9,520.1,397.8,454.9,332.1
gene_0894,455.7,733.1,451.5,219.9,358.7,328.9
gene_0895,852.9,789.1,766.5,915.4,971.3,1007.2
gene_0896,210.1,232.0,180.8,230.7,230.7,288.8
gene_0897,82.2,71.3,75.5,40.9,39.4,41.4
gene_0898,131.7,119.9,114.6,100.3,94.8,92.2
gene_0899,779.4,622.3,596.7,266.7,306.7,340.2
gene_0900,32.5,33.4,26.8,26.7,24.4,27.2
gene_0901,207.0,185.3,216.3,138.2,126.9,155.5
gene_0902,56.4,58.1,56.9,50.8,56.4,62.8
gene_0903,121.3,96.7,108.0,139.8,106.4,103.3
gene_0904,761.6,743.7,595.1,573.4,748.7,680.1
gene_0905,99.5,119.5,145.2,136.8,172.9,96.2
gene_0906,128.7,101.7,99.4,82.7,115.2,78.2
gene_0907,14.6,10.1,10.4,11.9,12.9,16.6
gene_0908,375.4,278.2,304.2,219.5,194.4,218.3
gene_0909,263.2,253.3,207.2,242.6,271.4,209.6
gene_0910,1808.3,2442.9,3146.9,2993.2,2312.3,2705.8
gene_0911,68.8,77.1,48.4,290.9,242.0,311.1
gene_0912,161.1,127.3,111.7,178.0,178.6,145.9
gene_0913,134.3,148.6,161.6,146.8,143.3,209.3
gene_0914,1021.9,1105.5,1169.3,637.7,868.8,656.2
gene_0915,85.0,104.5,73.7,138.5,236.9,152.8
gene_0916,117.8,188.9,124.9,58.3,48.7,55.8
gene_0917,255.8,289.2,214.6,186.2,140.0,235.0
gene_0918,140.6,112.3,97.6,134.4,161.4,126.3
gene_0919,46.1,44.0,60.8,7.1,7.6,9.3
gene_0920,146.6,127.1,119.8,1049.3,716.2,833.1
gene_0921,387.5,589.8,464.9,490.3,602.2,430.7
gene_0922,23.5,20.3,17.6,22.3,23.5,24.5
gene_0923,100.1,127.5,99.6,65.0,129.7,103.7
gene_0924,45.5,29.5,37.5,40.3,34.5,27.8
gene_0925,576.7,656.9,653.5,554.0,628.8,624.8
gene_0926,9.4,7.9,10.5,11.0,12.7,14.9
gene_0927,46.1,51.6,36.7,37.0,39.8,32.1
gene_0928,237.4,153.4,159.2,143.1,131.5,115.9
gene_0929,1144.0,1102.6,954.7,1122.9,1216.2,992.3
gene_0930,97.6,78.8,81.5,123.6,115.7,75.9
gene_0931,41.0,46.7,44.4,97.0,90.3,87.0
gene_0932,1639.5,1955.7,1855.8,4751.9,4539.6,4111.1
gene_0933,10.9,13.2,13.1,11.5,12.9,13.6
gene_0934,10.6,10.6,8.3,7.4,10.5,11.0
gene_0935,150.5,192.7,217.1,159.6,200.0,235.1
gene_0936,42.9,48.6,57.5,34.6,40.0,37.6
gene_0937,22.1,21.6,30.2,90.9,56.7,64.3
gene_0938,255.6,235.8,230.0,337.6,308.4,300.5
gene_0939,187.8,129.6,134.6,399.2,335.2,296.4
gene_0940,41.2,55.8,39.8,12.9,15.9,14.3
gene_0941,20.7,12.9,18.5,14.4,11.6,12.3
gene_0942,313.0,340.2,348.6,64.8,49.9,66.2
gene_0943,259.4,281.0,287.0,1670.8,1856.1,1706.8
gene_0944,95.8,90.3,88.5,111.8,135.6,120.5
gene_0945,1279.5,1482.8,1541.1,376.5,386.5,323.2
gene_0946,19.9,19.1,23.4,97.8,114.6,103.1
gene_0947,13.0,12.1,7.6,8.1,10.3,9.8
gene_0948,37.7,36.4,40.5,31.3,26.8,22.9
gene_0949,69.7,91.9,67.6,520.6,478.5,648.0
gene_0950,151.5,143.4,109.1,34.2,46.5,40.2
gene_0951,96.1,68.8,71.4,47.0,66.8,50.4
gene_0952,182.9,190.2,172.0,984.2,707.5,974.6
gene_0953,12.4,17.1,15.0,90.3,75.8,97.1
gene_0954,829.7,894.6,966.8,804.7,1157.3,841.8
gene_0955,96.4,89.6,85.8,593.0,506.4,555.2
gene_0956,427.0,490.4,497.0,686.2,578.7,568.0
gene_0957,172.7,171.7,152.4,199.5,183.3,171.6
gene_0958,183.7,226.7,184.6,47.6,37.0,53.4
gene_0959,214.5,249.2,226.2,1119.0,1127.6,1034.4
gene_0960,140.9,227.8,191.6,201.8,211.1,178.2
gene_0961,282.6,232.8,277.5,70.4,65.7,70.7
gene_0962,618.1,768.3,779.8,664.8,774.4,623.0
gene_0963,133.8,110.7,166.0,102.9,137.3,120.5
gene_0964,292.4,232.8,328.4,267.6,366.9,268.9
gene_0965,100.2,76.5,79.3,374.3,326.8,325.1
gene_0966,758.5,908.7,867.2,1183.9,1117.4,1271.3
gene_0967,42.0,39.4,35.1,31.9,27.5,38.7
gene_0968,1044.6,1445.5,1803.6,1100.9,1074.4,1458.4
gene_0969,54.5,99.5,114.9,90.6,87.9,113.5
gene_0970,9.6,13.1,9.8,17.7,15.4,14.1
gene_0971,152.3,139.9,127.9,88.7,110.2,143.2
gene_0972,29.0,31.9,30.5,29.9,32.3,32.3
gene_0973,307.7,373.5,305.2,1693.9,1885.7,2027.7
gene_0974,25.5,38.1,45.5,37.3,36.5,33.0
gene_0975,61.8,47.2,50.4,298.2,326.1,389.5
gene_0976,8.6,10.2,10.6,8.6,9.7,12.5
gene_0977,37.3,47.5,52.6,57.4,87.2,65.8
gene_0978,8.4,6.5,10.5,9.8,13.2,10.6
gene_0979,9.1,9.1,11.5,26.2,31.1,23.8
gene_0980,353.3,354.1,344.5,781.0,905.7,833.3
gene_0981,319.0,285.7,221.6,432.1,387.5,290.6
gene_0982,209.7,225.3,211.4,129.6,133.1,137.3
gene_0983,26.5,25.1,33.3,17.1,22.4,16.1
gene_0984,101.4,108.0,113.2,109.0,75.6,105.2
gene_0985,106.0,84.5,95.5,78.2,87.8,109.9
gene_0986,19.4,13.9,15.7,2.8,2.9,2.5
gene_0987,1021.8,948.6,585.1,998.7,994.1,1203.5
gene_0988,411.8,279.3,397.4,387.4,399.1,355.7
gene_0989,71.1,84.2,73.0,67.9,63.4,79.1
gene_0990,84.1,91.6,83.2,130.6,149.2,120.5
gene_0991,114.8,170.2,145.9,376.3,351.0,397.5
gene_0992,10.4,9.3,9.5,10.8,10.5,12.1
gene_0993,81.0,58.3,77.7,61.6,51.3,75.8
gene_0994,44.7,31.3,27.5,50.0,40.3,50.5
gene_0995,26.1,23.4,25.0,57.0,58.3,51.1
gene_0996,73.3,67.2,69.4,86.5,61.5,46.0
gene_0997,1438.9,1413.8,1423.9,9561.2,9783.5,8232.4
gene_0998,206.9,265.4,240.2,292.8,278.7,335.7
gene_0999,44.2,39.0,33.6,47.7,47.7,46.2
gene_1000,263.5,187.1,209.1,31.1,28.3,29.2
